{ "height":15,
 "infinite":false,
 "layers":[
        {
         "compression":"zlib",
         "data":"eJxjZGBgUKASFoXQC5SANDUwO5p5UkRgTyDWZmA44IUmjss8VTxYCmLWAlUInTCUzZOisnkjzb9DxTxCWA9iFoM+Fjn0+KAEw8xjBLpbgYE65QsHEAMAV0Q3gw==",
         "encoding":"base64",
         "height":15,
         "id":3,
         "name":"Tile Layer 1",
         "opacity":1,
         "type":"tilelayer",
         "visible":true,
         "width":20,
         "x":0,
         "y":0
        }, 
        {
         "draworder":"topdown",
         "id":2,
         "name":"Object Layer 1",
         "objects":[
                {
                 "height":0,
                 "id":9,
                 "name":"",
                 "polyline":[
                        {
                         "x":0,
                         "y":0
                        }, 
                        {
                         "x":-12,
                         "y":22
                        }, 
                        {
                         "x":-12,
                         "y":880
                        }, 
                        {
                         "x":-3,
                         "y":910
                        }, 
                        {
                         "x":26,
                         "y":923
                        }, 
                        {
                         "x":1206,
                         "y":924
                        }, 
                        {
                         "x":1234,
                         "y":910
                        }, 
                        {
                         "x":1243,
                         "y":884
                        }, 
                        {
                         "x":1243,
                         "y":19
                        }, 
                        {
                         "x":1217,
                         "y":-12
                        }, 
                        {
                         "x":1179,
                         "y":-13
                        }, 
                        {
                         "x":42,
                         "y":-13
                        }, 
                        {
                         "x":8,
                         "y":-9
                        }],
                 "properties":[
                        {
                         "name":"restitution",
                         "type":"float",
                         "value":0.8
                        }],
                 "rotation":0,
                 "type":"x2",
                 "visible":true,
                 "width":0,
                 "x":24,
                 "y":24
                }, 
                {
                 "height":0,
                 "id":10,
                 "name":"",
                 "polygon":[
                        {
                         "x":0.666666666666664,
                         "y":1
                        }, 
                        {
                         "x":-9,
                         "y":11
                        }, 
                        {
                         "x":-10.3333333333333,
                         "y":842
                        }, 
                        {
                         "x":1.00000000000001,
                         "y":856
                        }, 
                        {
                         "x":1147.33333333333,
                         "y":855
                        }, 
                        {
                         "x":1163.33333333333,
                         "y":835.333333333333
                        }, 
                        {
                         "x":1164,
                         "y":10.6666666666667
                        }, 
                        {
                         "x":1148.66666666667,
                         "y":0
                        }],
                 "properties":[
                        {
                         "name":"restitution",
                         "type":"float",
                         "value":0.8
                        }],
                 "rotation":0,
                 "type":"x2",
                 "visible":true,
                 "width":0,
                 "x":62,
                 "y":52
                }, 
                {
                 "height":43.8333333333333,
                 "id":12,
                 "name":"car",
                 "properties":[
                        {
                         "name":"angle interval",
                         "type":"int",
                         "value":1
                        }, 
                        {
                         "name":"antialias",
                         "type":"bool",
                         "value":true
                        }, 
                        {
                         "name":"body type",
                         "type":"string",
                         "value":"dynamic"
                        }, 
                        {
                         "name":"graphic file 1",
                         "type":"string",
                         "value":"cars-spritesheet.png"
                        }, 
                        {
                         "name":"graphic sheet: rows, columns",
                         "type":"string",
                         "value":"1, 5"
                        }],
                 "rotation":0,
                 "type":"x2",
                 "visible":true,
                 "width":22.75,
                 "x":19.6666666666667,
                 "y":206
                }, 
                {
                 "ellipse":true,
                 "height":20.6363636363637,
                 "id":13,
                 "name":"car front",
                 "properties":[
                        {
                         "name":"body type",
                         "type":"string",
                         "value":"dynamic"
                        }],
                 "rotation":0,
                 "type":"x2",
                 "visible":true,
                 "width":20.8863636363636,
                 "x":20.5454545454545,
                 "y":198.545454545455
                }],
         "opacity":1,
         "type":"objectgroup",
         "visible":true,
         "x":0,
         "y":0
        }],
 "nextlayerid":4,
 "nextobjectid":14,
 "orientation":"orthogonal",
 "renderorder":"right-down",
 "tiledversion":"1.2.0",
 "tileheight":64,
 "tilesets":[
        {
         "columns":9,
         "firstgid":1,
         "image":"spritesheet.png",
         "imageheight":576,
         "imagewidth":576,
         "margin":0,
         "name":"tileset1",
         "spacing":0,
         "tilecount":81,
         "tileheight":64,
         "tilewidth":64
        }],
 "tilewidth":64,
 "type":"map",
 "version":1.2,
 "width":20
}